,toxic,severe_toxic,obscene,threat,insult,identity_hate
precision,0.9404304381245197,0.0,0.9097791798107255,0.0,0.8126888217522659,0.0
recall,0.5312635692574902,0.0,0.5617452278924815,0.0,0.4507750314201927,0.0
fbeta_score,0.6789678135405105,0.0,0.6946050096339114,0.0,0.5798976017246025,0.0
support,4606.0,480.0,2567.0,155.0,2387.0,415.0
roc_auc,0.9506814897778778,0.9845029979513263,0.9757242173012198,0.949618144906675,0.9679807524498887,0.9580914387709568
