,toxic,severe_toxic,obscene,threat,insult,identity_hate
precision,0.9149232914923291,0.5925925925925926,0.9006466784244562,0.0,0.7892405063291139,0.0
recall,0.5696917064698219,0.1,0.596805609661083,0.0,0.5224130708001675,0.0
fbeta_score,0.702167514048702,0.17112299465240643,0.717900656044986,0.0,0.6286866649861356,0.0
support,4606.0,480.0,2567.0,155.0,2387.0,415.0
roc_auc,0.9510008165491901,0.985790483381018,0.9778273936189833,0.9474067259184824,0.9702172870766462,0.9590007522152099
