,toxic,severe_toxic,obscene,threat,insult,identity_hate
precision,0.9241552839683681,0.0,0.8979942693409743,0.0,0.8004201680672269,0.0
recall,0.5581849761181068,0.0,0.6104402025710947,0.0,0.47884373690825305,0.0
fbeta_score,0.6959935029778019,0.0,0.726808905380334,0.0,0.599213630406291,0.0
support,4606.0,480.0,2567.0,155.0,2387.0,415.0
roc_auc,0.9478214297588449,0.9846485906538094,0.9757724134272067,0.9453552053557486,0.9672843517771412,0.957674635048129
