,toxic,severe_toxic,obscene,threat,insult,identity_hate
precision,0.9140083217753121,0.0,0.873329459616502,0.0,0.8042729152308753,0.0
recall,0.5682259107566285,0.0,0.5852803738317757,0.0,0.4866555462885738,0.0
fbeta_score,0.7007842615977669,0.0,0.7008626719515039,0.0,0.6063912704598597,0.0
support,4639.0,476.0,2568.0,152.0,2398.0,428.0
roc_auc,0.9585973668582094,0.986741909406833,0.9775836440840139,0.9394291296784332,0.969821963592809,0.9547020071286002
